code,naam,categorie,bestand,bronpagina
F001,Blusapparaat,Brandbestrijding,afbeeldingen/F001.png,21
F002,Blusslang,Brandbestrijding,afbeeldingen/F002.png,21
F003,Brandladder,Brandbestrijding,afbeeldingen/F003.png,21
F004,Brandbestrĳdings- middelen,Brandbestrijding,afbeeldingen/F004.png,21
F005,Brandmelder,Brandbestrijding,afbeeldingen/F005.png,21
F006,Telefoon voor brandalarm,Brandbestrijding,afbeeldingen/F006.png,21
F007,"* le d o m n e e p o r a a d t e m m a r g o t cip - F t e h n a v eisr e v elëic ﬁf o n e e si m a r g o t cip ti D  * brandweerhelm dat vaker voorkomt in Frankrĳk. n e e t e m n e n n u k r a a m , n e m m a r g o t cip - O S I elëic ﬁf o n e e g n ĳ z R A n e R A n elĳ p e D  * Brandwerende deur",Brandbestrijding,afbeeldingen/F007.png,21
F008,Vaste blusbatterĳ,Brandbestrijding,afbeeldingen/F008.png,21
F009,Mobiele brandblusser,Brandbestrijding,afbeeldingen/F009.png,21
F010,Draagbare schuimblusser,Brandbestrijding,afbeeldingen/F010.png,21
F011,Waternevelblusser,Brandbestrijding,afbeeldingen/F011.png,21
F012,Vaste blusinstallatie,Brandbestrijding,afbeeldingen/F012.png,21
F013,Vaste brandblusﬂes,Brandbestrijding,afbeeldingen/F013.png,21
F014,Brandbestrĳdings- middelen F004B* Op afstand te activeren station,Brandbestrijding,afbeeldingen/F014.png,21
F015,Waterkanon,Brandbestrijding,afbeeldingen/F015.png,21
F016,Branddeken,Brandbestrijding,afbeeldingen/F016.png,21
E001,Nooduitgang (links) A0/,Evacuatie en redding,afbeeldingen/E001.png,23
E002,Richtingaanwĳzing 90° (rechts) A090* Nooduitgang (rechts),Evacuatie en redding,afbeeldingen/E002.png,23
E003,. Eerste hulp,Evacuatie en redding,afbeeldingen/E003.png,24
E004,Telefoon voor noodgevallen,Evacuatie en redding,afbeeldingen/E004.png,24
E007,/A90 Verzamelplaats bĳ evacuatie A270/,Evacuatie en redding,afbeeldingen/E007.png,23
E008,Breken om toegang te krĳgen,Evacuatie en redding,afbeeldingen/E008.png,24
E009,Arts,Evacuatie en redding,afbeeldingen/E009.png,24
E010,Evacuatievenster E016C* Automatische externe deﬁbrillator,Evacuatie en redding,afbeeldingen/E010.png,24
E011,Oogdouche,Evacuatie en redding,afbeeldingen/E011.png,24
E012,Veiligheidsdouche,Evacuatie en redding,afbeeldingen/E012.png,24
E013,Draagberrie,Evacuatie en redding,afbeeldingen/E013.png,24
E014,Detectiesysteem voor de aanwezigheid en oriënta- tie van kinderstoeltjes,Evacuatie en redding,afbeeldingen/E014.png,24
E015,Drinkwater,Evacuatie en redding,afbeeldingen/E015.png,24
E016,Noodvenster met vluchtladder (links),Evacuatie en redding,afbeeldingen/E016.png,24
E017,Evacuatievenster,Evacuatie en redding,afbeeldingen/E017.png,24
E018,Draai tegen wĳzerzin om te openen,Evacuatie en redding,afbeeldingen/E018.png,24
E019,Draai in wĳzerzin om te openen,Evacuatie en redding,afbeeldingen/E019.png,24
E020,Noodstop,Evacuatie en redding,afbeeldingen/E020.png,24
E021,Schuilplaats,Evacuatie en redding,afbeeldingen/E021.png,25
E022,Duw aan de linkerkant om deur te openen,Evacuatie en redding,afbeeldingen/E022.png,25
E023,Duw aan de rechterkant om deur te openen,Evacuatie en redding,afbeeldingen/E023.png,25
E024,Tĳdelĳke verzamelplaats voor evacuatie,Evacuatie en redding,afbeeldingen/E024.png,25
E025,Noodhamer,Evacuatie en redding,afbeeldingen/E025.png,25
E027,Medische noodtas,Evacuatie en redding,afbeeldingen/E027.png,25
E028,Beademingsapparaat,Evacuatie en redding,afbeeldingen/E028.png,25
E029,Ademhalingsapparaat voor noodevacuatie,Evacuatie en redding,afbeeldingen/E029.png,25
E031,Algemeen scheepsalarm,Evacuatie en redding,afbeeldingen/E031.png,25
E032,Verzamelplaats aan boord,Evacuatie en redding,afbeeldingen/E032.png,25
E033,Deur naar rechts schuiven om te openen,Evacuatie en redding,afbeeldingen/E033.png,25
E034,Deur naar links schuiven om te openen,Evacuatie en redding,afbeeldingen/E034.png,25
E035,Mes voor overlevingsvlot,Evacuatie en redding,afbeeldingen/E035.png,25
E036,Overlevingsboot,Evacuatie en redding,afbeeldingen/E036.png,25
E037,Reddingsboot,Evacuatie en redding,afbeeldingen/E037.png,25
E038,Overlevingsvlot,Evacuatie en redding,afbeeldingen/E038.png,25
E039,Overlevingsvlot David,Evacuatie en redding,afbeeldingen/E039.png,25
E040,Reddingsboei,Evacuatie en redding,afbeeldingen/E040.png,25
E041,Reddingsboei met touw,Evacuatie en redding,afbeeldingen/E041.png,26
E042,Reddingsboei met licht,Evacuatie en redding,afbeeldingen/E042.png,26
E043,Reddingsboei met touw en licht,Evacuatie en redding,afbeeldingen/E043.png,26
E044,Reddingsvest,Evacuatie en redding,afbeeldingen/E044.png,26
E045,Reddingsvest voor kinderen,Evacuatie en redding,afbeeldingen/E045.png,26
E046,Reddingsvest voor baby's,Evacuatie en redding,afbeeldingen/E046.png,26
E047,Radartransponder,Evacuatie en redding,afbeeldingen/E047.png,26
E048,Noodsignalen vuurpĳlen,Evacuatie en redding,afbeeldingen/E048.png,26
E049,Parachutesignalen,Evacuatie en redding,afbeeldingen/E049.png,26
E050,Lĳnwerpapparaat,Evacuatie en redding,afbeeldingen/E050.png,26
E051,Draagbare meldingsradio,Evacuatie en redding,afbeeldingen/E051.png,26
E052,EPIRB,Evacuatie en redding,afbeeldingen/E052.png,26
E053,Inscheepladder,Evacuatie en redding,afbeeldingen/E053.png,26
E054,Evacuatieglĳbaan,Evacuatie en redding,afbeeldingen/E054.png,26
E055,Valpĳp voor evacuatie,Evacuatie en redding,afbeeldingen/E055.png,26
E056,Overlevingspak,Evacuatie en redding,afbeeldingen/E056.png,26
E057,Trek aan de linkerkant om deur te openen,Evacuatie en redding,afbeeldingen/E057.png,26
E058,Trek aan de rechterkant om deur te openen,Evacuatie en redding,afbeeldingen/E058.png,26
E059,"uitgebreid assortiment duurzame materialen die geschikt zĳn voor gebruik in veeleisende industriële omgevingen. verhard pvc, aluminium en fotoluminescente materialen met het oog op een optimale duurzaamheid bĳ zowel binnen- als buitengebruik, tĳdens reinigingsprocessen, bĳ hoge temperaturen, in chemische omgevingen en bĳ offshore-toepassingen. in verschillende afmetingen en formaten, waaronder: gecombineerd met panelen in verhard pvc om zelfklevende gecombineerd met verharde inschuifborden om zelfklevende vervangen indien nodig Duurzame materialen voor Klik op of scan de QR-code Vluchtladder",Evacuatie en redding,afbeeldingen/E059.png,27
E060,Evacuatiestoel,Evacuatie en redding,afbeeldingen/E060.png,27
E061,Waterreddingsmiddelen,Evacuatie en redding,afbeeldingen/E061.png,27
E062,Tsunami evacuatiezone,Evacuatie en redding,afbeeldingen/E062.png,27
E063,Tsunami evacuatiegebouw,Evacuatie en redding,afbeeldingen/E063.png,27
M001,Algemeen gebod,Gebod,afbeeldingen/M001.png,11
M002,Gebruiksaanwĳzing in acht nemen,Gebod,afbeeldingen/M002.png,11
M003,Gehoorbescherming verplicht,Gebod,afbeeldingen/M003.png,11
M004,Oogbescherming verplicht,Gebod,afbeeldingen/M004.png,11
M005,Aarding verplicht,Gebod,afbeeldingen/M005.png,11
M006,Voor het openen stekker uit stopcontact trekken,Gebod,afbeeldingen/M006.png,11
M007,Dragen van opaak bril verplicht,Gebod,afbeeldingen/M007.png,11
M008,Veiligheidsschoenen verplicht,Gebod,afbeeldingen/M008.png,11
M009,Veiligheidshandschoenen verplicht,Gebod,afbeeldingen/M009.png,11
M010,* Beschermkledĳ verplicht,Gebod,afbeeldingen/M010.png,11
M011,Handen wassen verplicht,Gebod,afbeeldingen/M011.png,11
M012,Hand aan de reling verplicht,Gebod,afbeeldingen/M012.png,11
M013,Gelaatsbescherming verplicht,Gebod,afbeeldingen/M013.png,11
M014,Veiligheidshelm verplicht,Gebod,afbeeldingen/M014.png,11
M015,Veiligheidsjas met verhoogde zichtbaarheid verplicht,Gebod,afbeeldingen/M015.png,11
M016,(Lichte) ademhalings- bescherming verplicht,Gebod,afbeeldingen/M016.png,11
M017,Ademhalings- bescherming verplicht,Gebod,afbeeldingen/M017.png,11
M018,Individueel veiligheidsharnas verplicht,Gebod,afbeeldingen/M018.png,11
M019,Lasmasker verplicht,Gebod,afbeeldingen/M019.png,12
M020,Veiligheidsriem verplicht,Gebod,afbeeldingen/M020.png,12
M021,Vrĳschakelen voor onderhoud of herstelling,Gebod,afbeeldingen/M021.png,12
M022,Gebruik beschermende crème,Gebod,afbeeldingen/M022.png,12
M023,Oversteekplaats gebruiken,Gebod,afbeeldingen/M023.png,12
M024,Verplichte doorgang voetgangers,Gebod,afbeeldingen/M024.png,12
M025,Oogbescherming voor kinderen verplicht,Gebod,afbeeldingen/M025.png,12
M026,Beschermschort verplicht,Gebod,afbeeldingen/M026.png,12
M027,Bescherming controleren,Gebod,afbeeldingen/M027.png,12
M028,Gesloten houden,Gebod,afbeeldingen/M028.png,12
M029,Geluidssignaal geven,Gebod,afbeeldingen/M029.png,12
M030,Gebruik de vuilnisbak,Gebod,afbeeldingen/M030.png,12
M031,Gebruik de verstelbare kap van de tafelzaag,Gebod,afbeeldingen/M031.png,12
M032,Antistatische schoenen verplicht,Gebod,afbeeldingen/M032.png,12
M033,Sluit de veiligheidsbeugel van stoeltjeslift,Gebod,afbeeldingen/M033.png,12
M034,Open de veiligheidsbeugel van stoeltjeslift,Gebod,afbeeldingen/M034.png,12
M035,Verlaat het sleepspoor onmiddellĳk bĳ een val,Gebod,afbeeldingen/M035.png,12
M036,Til skipunten op,Gebod,afbeeldingen/M036.png,12
M037,Luiken sluiten en beveiligen,Gebod,afbeeldingen/M037.png,13
M038,Motor starten,Gebod,afbeeldingen/M038.png,13
M039,Reddingsboot te water laten,Gebod,afbeeldingen/M039.png,13
M040,Reddingsvlot te water laten,Gebod,afbeeldingen/M040.png,13
M041,Reddingsboot te water laten,Gebod,afbeeldingen/M041.png,13
M042,Haken lossen,Gebod,afbeeldingen/M042.png,13
M043,Sprinklers starten,Gebod,afbeeldingen/M043.png,13
M044,Luchttoevoer starten,Gebod,afbeeldingen/M044.png,13
M045,Bevestigingskoorden lossen,Gebod,afbeeldingen/M045.png,13
M046,Gasﬂessen vastmaken,Gebod,afbeeldingen/M046.png,13
M047,Gebruik autonoom ademhalingstoestel,Gebod,afbeeldingen/M047.png,13
M048,Gebruik de gasdetector,Gebod,afbeeldingen/M048.png,13
M049,Draag beschermende rollersportuitrusting,Gebod,afbeeldingen/M049.png,13
M050,Links uit de slee stappen,Gebod,afbeeldingen/M050.png,13
M051,Rechts uit de slee stappen,Gebod,afbeeldingen/M051.png,13
M052,Afstand houden,Gebod,afbeeldingen/M052.png,13
M053,Reddingsvest verplicht,Gebod,afbeeldingen/M053.png,13
M054,Houd kinderen in en rond het water altĳd onder toezicht,Gebod,afbeeldingen/M054.png,13
A045R,Richtingaanwĳzing 45°/90° (rechts),Richtingspijl,afbeeldingen/A045R.png,21
A090R,*/,Richtingspijl,afbeeldingen/A090R.png,21
P001,Verbodsteken*,Verbod,afbeeldingen/P001.png,6
P002,Roken verboden,Verbod,afbeeldingen/P002.png,6
P003,"Vuur, open vlam en roken verboden",Verbod,afbeeldingen/P003.png,6
P004,Verboden voor voetgangers,Verbod,afbeeldingen/P004.png,6
P005,Geen drinkwater,Verbod,afbeeldingen/P005.png,6
P006,Heftrucks verboden,Verbod,afbeeldingen/P006.png,6
P007,Verbod voor personen met pacemaker,Verbod,afbeeldingen/P007.png,6
P008,Kleine metalen voorwerpen verboden,Verbod,afbeeldingen/P008.png,6
P009,Klimmen verboden,Verbod,afbeeldingen/P009.png,6
P010,Aanraken verboden,Verbod,afbeeldingen/P010.png,6
P011,Verboden met water te blussen,Verbod,afbeeldingen/P011.png,6
P012,Geen zware last plaatsen,Verbod,afbeeldingen/P012.png,6
P013,Draagbare telefoon verboden,Verbod,afbeeldingen/P013.png,6
P014,Verboden voor personen met metalen implantaat,Verbod,afbeeldingen/P014.png,6
P015,Verboden in vergaarbak te grĳpen,Verbod,afbeeldingen/P015.png,6
P016,Niet besproeien met water,Verbod,afbeeldingen/P016.png,6
P017,Duwen verboden,Verbod,afbeeldingen/P017.png,6
P018,* Mag alleen gebruikt worden met bĳgaande verbodstekst Verboden te zitten,Verbod,afbeeldingen/P018.png,6
P019,Verboden het oppervlak te betreden,Verbod,afbeeldingen/P019.png,7
P020,Verboden de lift te gebruiken bĳ brand,Verbod,afbeeldingen/P020.png,7
P021,Dieren verboden,Verbod,afbeeldingen/P021.png,7
P022,Eten en drinken verboden,Verbod,afbeeldingen/P022.png,7
P023,Neerzetten of opslaan verboden,Verbod,afbeeldingen/P023.png,7
P024,Betreden van ruimte verboden,Verbod,afbeeldingen/P024.png,7
P025,Verboden een onafgewerkte stelling te gebruiken,Verbod,afbeeldingen/P025.png,7
P026,Verboden om deze artikels onder douche of in bad te gebruiken,Verbod,afbeeldingen/P026.png,7
P027,Personenvervoer verboden,Verbod,afbeeldingen/P027.png,7
P028,Dragen van handschoenen verboden,Verbod,afbeeldingen/P028.png,7
P029,Fotograferen verboden,Verbod,afbeeldingen/P029.png,7
P030,Verboden om knopen te maken,Verbod,afbeeldingen/P030.png,7
P031,Niet schakelen,Verbod,afbeeldingen/P031.png,7
P032,Verboden slĳpschĳf te gebruiken,Verbod,afbeeldingen/P032.png,7
P033,Verboden nat te slĳpen,Verbod,afbeeldingen/P033.png,7
P034,Verboden met de hand te slĳpen,Verbod,afbeeldingen/P034.png,7
P035,Geen schoenen met metalen noppen dragen,Verbod,afbeeldingen/P035.png,7
P036,Kinderen niet toegestaan,Verbod,afbeeldingen/P036.png,7
P037,Het sleepspoor niet verlaten,Verbod,afbeeldingen/P037.png,8
P038,Niet schommelen met het stoeltje,Verbod,afbeeldingen/P038.png,8
P040,Ontsteken van vuurwerk verboden,Verbod,afbeeldingen/P040.png,8
P041,Tegenaan leunen verboden,Verbod,afbeeldingen/P041.png,8
P042,Verboden voor zwangere vrouwen,Verbod,afbeeldingen/P042.png,8
P043,Verboden voor dronken personen,Verbod,afbeeldingen/P043.png,8
P044,Gebruik van slimme brillen verboden,Verbod,afbeeldingen/P044.png,8
P046,Armen en benen binnen de slee houden,Verbod,afbeeldingen/P046.png,8
P047,Verboden tegen de slee te botsen,Verbod,afbeeldingen/P047.png,8
P048,Verboden te lopen,Verbod,afbeeldingen/P048.png,8
P049,Verboden te zwemmen,Verbod,afbeeldingen/P049.png,8
P050,Verboden te snorkelen,Verbod,afbeeldingen/P050.png,8
P051,Verboden te diepzeeduiken,Verbod,afbeeldingen/P051.png,8
P052,Verboden te duiken,Verbod,afbeeldingen/P052.png,8
P053,Verboden te zeilen,Verbod,afbeeldingen/P053.png,8
P054,Verboden te windsurfen,Verbod,afbeeldingen/P054.png,8
P055,Handmatig aangedreven vaartuigen verboden,Verbod,afbeeldingen/P055.png,8
P056,Mechanisch aangedreven vaartuigen verboden,Verbod,afbeeldingen/P056.png,8
P057,Waterscooters verbodenn,Verbod,afbeeldingen/P057.png,9
P058,Geen voortgetrokken wateractiviteiten,Verbod,afbeeldingen/P058.png,9
P059,Verboden te surfen,Verbod,afbeeldingen/P059.png,9
P060,Buitenschoenen verboden,Verbod,afbeeldingen/P060.png,9
P061,Verboden in het water te springen,Verbod,afbeeldingen/P061.png,9
P062,Verboden in het water te duwen,Verbod,afbeeldingen/P062.png,9
P063,Verboden te bodyboarden,Verbod,afbeeldingen/P063.png,9
P064,Verboden te surfen tussen de rood-gele vlaggen,Verbod,afbeeldingen/P064.png,9
P065,Verboden te kitesurfen,Verbod,afbeeldingen/P065.png,9
P066,Verboden te parasailen,Verbod,afbeeldingen/P066.png,9
P067,Verboden te strandzeilen,Verbod,afbeeldingen/P067.png,9
W001,Waarschuwing,Waarschuwing,afbeeldingen/W001.png,15
W002,Explosieve stoffen,Waarschuwing,afbeeldingen/W002.png,15
W003,Radioactieve stoffen,Waarschuwing,afbeeldingen/W003.png,15
W004,Laserstraal,Waarschuwing,afbeeldingen/W004.png,15
W005,Niet-ioniserende straling,Waarschuwing,afbeeldingen/W005.png,15
W006,Sterk magnetisch veld,Waarschuwing,afbeeldingen/W006.png,15
W007,Struikelgevaar,Waarschuwing,afbeeldingen/W007.png,15
W008,Vallen door hoogteverschil,Waarschuwing,afbeeldingen/W008.png,15
W009,Biologisch besmettingsgevaar,Waarschuwing,afbeeldingen/W009.png,15
W010,* Lage temperaturen,Waarschuwing,afbeeldingen/W010.png,15
W011,Glad oppervlak,Waarschuwing,afbeeldingen/W011.png,15
W012,Gevaarlĳke elektrische spanning,Waarschuwing,afbeeldingen/W012.png,15
W013,Waakhond,Waarschuwing,afbeeldingen/W013.png,15
W014,Transportvoertuigen,Waarschuwing,afbeeldingen/W014.png,15
W015,Hangende last,Waarschuwing,afbeeldingen/W015.png,15
W016,Giftige stoffen,Waarschuwing,afbeeldingen/W016.png,15
W017,Warm oppervlak,Waarschuwing,afbeeldingen/W017.png,15
W018,Automatisch startende machine,Waarschuwing,afbeeldingen/W018.png,15
W019,Knellingsgevaaar,Waarschuwing,afbeeldingen/W019.png,16
W020,Laaghangende obstakels – stootgevaar,Waarschuwing,afbeeldingen/W020.png,16
W021,Ontvlambare stoffen,Waarschuwing,afbeeldingen/W021.png,16
W022,Gevaar voor scherpe elementen,Waarschuwing,afbeeldingen/W022.png,16
W023,Bĳtende stoffen,Waarschuwing,afbeeldingen/W023.png,16
W024,Verwondingen aan de hand,Waarschuwing,afbeeldingen/W024.png,16
W025,Roterende onderdelen,Waarschuwing,afbeeldingen/W025.png,16
W026,Gevaren door laden van accu's,Waarschuwing,afbeeldingen/W026.png,16
W027,Optische straling,Waarschuwing,afbeeldingen/W027.png,16
W028,Oxiderende stoffen,Waarschuwing,afbeeldingen/W028.png,16
W029,Gashouders onder druk,Waarschuwing,afbeeldingen/W029.png,16
W030,Handverbrĳzeling tussen buigbank,Waarschuwing,afbeeldingen/W030.png,16
W031,Handverbrĳzeling tussen buigbank en materiaal,Waarschuwing,afbeeldingen/W031.png,16
W032,Snel bewegend werkstuk in de buigbank,Waarschuwing,afbeeldingen/W032.png,16
W033,Prikkeldraad,Waarschuwing,afbeeldingen/W033.png,16
W034,Stier,Waarschuwing,afbeeldingen/W034.png,16
W035,Vallende voorwerpen,Waarschuwing,afbeeldingen/W035.png,16
W036,Instortingsgevaar dak,Waarschuwing,afbeeldingen/W036.png,16
W037,Op afstand bediende machine,Waarschuwing,afbeeldingen/W037.png,17
W038,Plots hard geluid,Waarschuwing,afbeeldingen/W038.png,17
W039,Vallend ĳs,Waarschuwing,afbeeldingen/W039.png,17
W040,Daklawine,Waarschuwing,afbeeldingen/W040.png,17
W041,Verstikkende atmosfeer,Waarschuwing,afbeeldingen/W041.png,17
W042,Waarschuwing - Vlamboog,Waarschuwing,afbeeldingen/W042.png,17
W043,Waarschuwing – Dun ĳs,Waarschuwing,afbeeldingen/W043.png,17
W044,Waarschuwing – Botenhelling,Waarschuwing,afbeeldingen/W044.png,17
W045,Waarschuwing – Zone voor voortgetrokken wateractiviteiten,Waarschuwing,afbeeldingen/W045.png,17
W046,Waarschuwing – Watersurfgebied,Waarschuwing,afbeeldingen/W046.png,17
W047,Waarschuwing – Diep water,Waarschuwing,afbeeldingen/W047.png,17
W048,Waarschuwing – Ondiep water,Waarschuwing,afbeeldingen/W048.png,17
W049,Waarschuwing – Objecten onder water,Waarschuwing,afbeeldingen/W049.png,17
W050,Waarschuwing – Plotse daling naar dieper water,Waarschuwing,afbeeldingen/W050.png,17
W051,Waarschuwing – Onbeschermde randen,Waarschuwing,afbeeldingen/W051.png,17
W052,Waarschuwing – Onstabiele klifrand,Waarschuwing,afbeeldingen/W052.png,17
W053,Waarschuwing – Onstabiele klif,Waarschuwing,afbeeldingen/W053.png,17
W054,Waarschuwing – Haaien,Waarschuwing,afbeeldingen/W054.png,17
W055,Waarschuwing – Rioolwatermonding,Waarschuwing,afbeeldingen/W055.png,18
W056,Waarschuwing – Tsunamigebied,Waarschuwing,afbeeldingen/W056.png,18
W057,Waarschuwing – Sterke stroming,Waarschuwing,afbeeldingen/W057.png,18
W058,Waarschuwing – Vaargebied,Waarschuwing,afbeeldingen/W058.png,18
W059,Waarschuwing – Strandzeilen,Waarschuwing,afbeeldingen/W059.png,18
W060,Waarschuwing – Vloedgevaar,Waarschuwing,afbeeldingen/W060.png,18
W061,Waarschuwing – Drĳfzand of modder/ diepe modder of slib,Waarschuwing,afbeeldingen/W061.png,18
W062,Waarschuwing – Kitesurfen,Waarschuwing,afbeeldingen/W062.png,18
W063,Waarschuwing – Parasailing,Waarschuwing,afbeeldingen/W063.png,18
W064,Waarschuwing – Sterke wind,Waarschuwing,afbeeldingen/W064.png,18
W065,Waarschuwing – Hoge golven,Waarschuwing,afbeeldingen/W065.png,18
W066,Waarschuwing – Sterk aﬂopend strand,Waarschuwing,afbeeldingen/W066.png,18
W067,"Waarschuwing – Krokodillen, alligators of kaaimannen",Waarschuwing,afbeeldingen/W067.png,18
